comment,category
The national budget is under scrutiny.,Financial
The bill was passed in parliament.,Political
AI is transforming industries.,Technology
The movie broke box office records.,Entertainment
The team won the championship.,Sports
Interest rates are likely to rise.,Financial
The market shares increased for the third quarter.,Business
The team won the championship.,Sports
The curriculum is being revised.,Educational
AI is transforming industries.,Technology
Vaccine distribution is ongoing.,Health
Soldiers returned from deployment.,War
Students are facing issues with online learning.,Educational
A new church was built downtown.,Religious
Elections are due next month.,Political
The hospital is expanding its facilities.,Health
Vaccine distribution is ongoing.,Health
She broke the world record.,Sports
The hospital is expanding its facilities.,Health
The team won the championship.,Sports
The crop yield is very low this year.,Agricultural
Elections are due next month.,Political
Elections are due next month.,Political
Pilgrims arrived in large numbers.,Religious
The battle lasted three days.,War
The market shares increased for the third quarter.,Business
Students are facing issues with online learning.,Educational
Ancient manuscripts were discovered.,Historical
AI is transforming industries.,Technology
Interest rates are likely to rise.,Financial
Cybersecurity is a growing concern.,Technology
The battle lasted three days.,War
Our sales figures have improved.,Business
Communities are coming together.,Peace
The market shares increased for the third quarter.,Business
I love you with all my heart.,Love
A new church was built downtown.,Religious
This monument dates back to the 16th century.,Historical
The national budget is under scrutiny.,Financial
The curriculum is being revised.,Educational
Peace talks have resumed in the region.,Peace
I love you with all my heart.,Love
The movie broke box office records.,Entertainment
Soldiers returned from deployment.,War
The curriculum is being revised.,Educational
The team won the championship.,Sports
Elections are due next month.,Political
Pilgrims arrived in large numbers.,Religious
Peace talks have resumed in the region.,Peace
Interest rates are likely to rise.,Financial
Vaccine distribution is ongoing.,Health
A new church was built downtown.,Religious
AI is transforming industries.,Technology
The movie broke box office records.,Entertainment
The market shares increased for the third quarter.,Business
I love you with all my heart.,Love
The curriculum is being revised.,Educational
Romantic poems are timeless.,Love
AI is transforming industries.,Technology
The concert attracted thousands.,Entertainment
Pilgrims arrived in large numbers.,Religious
Vaccine distribution is ongoing.,Health
The concert attracted thousands.,Entertainment
Farmers are requesting subsidies.,Agricultural
The team won the championship.,Sports
The national budget is under scrutiny.,Financial
This monument dates back to the 16th century.,Historical
The concert attracted thousands.,Entertainment
Vaccine distribution is ongoing.,Health
I love you with all my heart.,Love
The national budget is under scrutiny.,Financial
Peace talks have resumed in the region.,Peace
Romantic poems are timeless.,Love
AI is transforming industries.,Technology
AI is transforming industries.,Technology
Communities are coming together.,Peace
Farmers are requesting subsidies.,Agricultural
Communities are coming together.,Peace
The battle lasted three days.,War
Farmers are requesting subsidies.,Agricultural
Elections are due next month.,Political
The bill was passed in parliament.,Political
AI is transforming industries.,Technology
Pilgrims arrived in large numbers.,Religious
Pilgrims arrived in large numbers.,Religious
Students are facing issues with online learning.,Educational
Elections are due next month.,Political
The hospital is expanding its facilities.,Health
She broke the world record.,Sports
The market shares increased for the third quarter.,Business
The market shares increased for the third quarter.,Business
Interest rates are likely to rise.,Financial
The hospital is expanding its facilities.,Health
The market shares increased for the third quarter.,Business
Vaccine distribution is ongoing.,Health
Soldiers returned from deployment.,War
She broke the world record.,Sports
Our sales figures have improved.,Business
Cybersecurity is a growing concern.,Technology
Romantic poems are timeless.,Love
Peace talks have resumed in the region.,Peace
Our sales figures have improved.,Business
Peace talks have resumed in the region.,Peace
Peace talks have resumed in the region.,Peace
Peace talks have resumed in the region.,Peace
This monument dates back to the 16th century.,Historical
The concert attracted thousands.,Entertainment
The hospital is expanding its facilities.,Health
AI is transforming industries.,Technology
Ancient manuscripts were discovered.,Historical
Interest rates are likely to rise.,Financial
The battle lasted three days.,War
Pilgrims arrived in large numbers.,Religious
The curriculum is being revised.,Educational
The concert attracted thousands.,Entertainment
Interest rates are likely to rise.,Financial
The market shares increased for the third quarter.,Business
Soldiers returned from deployment.,War
Farmers are requesting subsidies.,Agricultural
The team won the championship.,Sports
AI is transforming industries.,Technology
The movie broke box office records.,Entertainment
Vaccine distribution is ongoing.,Health
The bill was passed in parliament.,Political
This monument dates back to the 16th century.,Historical
The crop yield is very low this year.,Agricultural
Farmers are requesting subsidies.,Agricultural
The hospital is expanding its facilities.,Health
Communities are coming together.,Peace
Communities are coming together.,Peace
Our sales figures have improved.,Business
The hospital is expanding its facilities.,Health
The battle lasted three days.,War
The market shares increased for the third quarter.,Business
The national budget is under scrutiny.,Financial
The team won the championship.,Sports
Romantic poems are timeless.,Love
The market shares increased for the third quarter.,Business
Students are facing issues with online learning.,Educational
The market shares increased for the third quarter.,Business
Romantic poems are timeless.,Love
Peace talks have resumed in the region.,Peace
Pilgrims arrived in large numbers.,Religious
Interest rates are likely to rise.,Financial
The national budget is under scrutiny.,Financial
Romantic poems are timeless.,Love
Students are facing issues with online learning.,Educational
Farmers are requesting subsidies.,Agricultural
Interest rates are likely to rise.,Financial
She broke the world record.,Sports
Romantic poems are timeless.,Love
A new church was built downtown.,Religious
The movie broke box office records.,Entertainment
Vaccine distribution is ongoing.,Health
The bill was passed in parliament.,Political
Our sales figures have improved.,Business
Our sales figures have improved.,Business
The market shares increased for the third quarter.,Business
She broke the world record.,Sports
Communities are coming together.,Peace
Communities are coming together.,Peace
Ancient manuscripts were discovered.,Historical
AI is transforming industries.,Technology
The crop yield is very low this year.,Agricultural
This monument dates back to the 16th century.,Historical
Peace talks have resumed in the region.,Peace
A new church was built downtown.,Religious
Peace talks have resumed in the region.,Peace
Pilgrims arrived in large numbers.,Religious
I love you with all my heart.,Love
Ancient manuscripts were discovered.,Historical
The concert attracted thousands.,Entertainment
A new church was built downtown.,Religious
Cybersecurity is a growing concern.,Technology
I love you with all my heart.,Love
Peace talks have resumed in the region.,Peace
Elections are due next month.,Political
Soldiers returned from deployment.,War
AI is transforming industries.,Technology
A new church was built downtown.,Religious
Farmers are requesting subsidies.,Agricultural
Peace talks have resumed in the region.,Peace
Pilgrims arrived in large numbers.,Religious
Peace talks have resumed in the region.,Peace
Our sales figures have improved.,Business
AI is transforming industries.,Technology
The movie broke box office records.,Entertainment
Students are facing issues with online learning.,Educational
The national budget is under scrutiny.,Financial
This monument dates back to the 16th century.,Historical
The team won the championship.,Sports
Elections are due next month.,Political
Romantic poems are timeless.,Love
Peace talks have resumed in the region.,Peace
Peace talks have resumed in the region.,Peace
Romantic poems are timeless.,Love
The team won the championship.,Sports
I love you with all my heart.,Love
Pilgrims arrived in large numbers.,Religious
The bill was passed in parliament.,Political
The bill was passed in parliament.,Political
The movie broke box office records.,Entertainment
Elections are due next month.,Political
This monument dates back to the 16th century.,Historical
Peace talks have resumed in the region.,Peace
The market shares increased for the third quarter.,Business
Peace talks have resumed in the region.,Peace
Farmers are requesting subsidies.,Agricultural
Communities are coming together.,Peace
Students are facing issues with online learning.,Educational
Farmers are requesting subsidies.,Agricultural
A new church was built downtown.,Religious
Interest rates are likely to rise.,Financial
Communities are coming together.,Peace
The crop yield is very low this year.,Agricultural
The curriculum is being revised.,Educational
The bill was passed in parliament.,Political
The market shares increased for the third quarter.,Business
Ancient manuscripts were discovered.,Historical
Students are facing issues with online learning.,Educational
A new church was built downtown.,Religious
Our sales figures have improved.,Business
Pilgrims arrived in large numbers.,Religious
Elections are due next month.,Political
The movie broke box office records.,Entertainment
Cybersecurity is a growing concern.,Technology
AI is transforming industries.,Technology
Romantic poems are timeless.,Love
AI is transforming industries.,Technology
The crop yield is very low this year.,Agricultural
The bill was passed in parliament.,Political
The movie broke box office records.,Entertainment
This monument dates back to the 16th century.,Historical
Communities are coming together.,Peace
AI is transforming industries.,Technology
Peace talks have resumed in the region.,Peace
Elections are due next month.,Political
Vaccine distribution is ongoing.,Health
I love you with all my heart.,Love
Farmers are requesting subsidies.,Agricultural
Pilgrims arrived in large numbers.,Religious
Cybersecurity is a growing concern.,Technology
Elections are due next month.,Political
Elections are due next month.,Political
A new church was built downtown.,Religious
Peace talks have resumed in the region.,Peace
Peace talks have resumed in the region.,Peace
Our sales figures have improved.,Business
Vaccine distribution is ongoing.,Health
The movie broke box office records.,Entertainment
A new church was built downtown.,Religious
A new church was built downtown.,Religious
Elections are due next month.,Political
Cybersecurity is a growing concern.,Technology
A new church was built downtown.,Religious
The crop yield is very low this year.,Agricultural
This monument dates back to the 16th century.,Historical
Vaccine distribution is ongoing.,Health
Interest rates are likely to rise.,Financial
Peace talks have resumed in the region.,Peace
Romantic poems are timeless.,Love
Soldiers returned from deployment.,War
The national budget is under scrutiny.,Financial
Our sales figures have improved.,Business
The curriculum is being revised.,Educational
The movie broke box office records.,Entertainment
A new church was built downtown.,Religious
Students are facing issues with online learning.,Educational
The market shares increased for the third quarter.,Business
Soldiers returned from deployment.,War
Vaccine distribution is ongoing.,Health
Vaccine distribution is ongoing.,Health
Farmers are requesting subsidies.,Agricultural
Pilgrims arrived in large numbers.,Religious
Pilgrims arrived in large numbers.,Religious
The hospital is expanding its facilities.,Health
The hospital is expanding its facilities.,Health
Peace talks have resumed in the region.,Peace
AI is transforming industries.,Technology
I love you with all my heart.,Love
The curriculum is being revised.,Educational
Peace talks have resumed in the region.,Peace
The hospital is expanding its facilities.,Health
The bill was passed in parliament.,Political
She broke the world record.,Sports
Students are facing issues with online learning.,Educational
Elections are due next month.,Political
Soldiers returned from deployment.,War
The national budget is under scrutiny.,Financial
Communities are coming together.,Peace
Pilgrims arrived in large numbers.,Religious
The crop yield is very low this year.,Agricultural
The national budget is under scrutiny.,Financial
Students are facing issues with online learning.,Educational
Ancient manuscripts were discovered.,Historical
She broke the world record.,Sports
Soldiers returned from deployment.,War
The hospital is expanding its facilities.,Health
Interest rates are likely to rise.,Financial
The national budget is under scrutiny.,Financial
Cybersecurity is a growing concern.,Technology
This monument dates back to the 16th century.,Historical
The battle lasted three days.,War
Cybersecurity is a growing concern.,Technology
Interest rates are likely to rise.,Financial
Interest rates are likely to rise.,Financial
The concert attracted thousands.,Entertainment
AI is transforming industries.,Technology
Communities are coming together.,Peace
Vaccine distribution is ongoing.,Health
A new church was built downtown.,Religious
Students are facing issues with online learning.,Educational
The crop yield is very low this year.,Agricultural
The national budget is under scrutiny.,Financial
The bill was passed in parliament.,Political
Communities are coming together.,Peace
Our sales figures have improved.,Business
Peace talks have resumed in the region.,Peace
The team won the championship.,Sports
The market shares increased for the third quarter.,Business
The movie broke box office records.,Entertainment
Ancient manuscripts were discovered.,Historical
Interest rates are likely to rise.,Financial
A new church was built downtown.,Religious
She broke the world record.,Sports
I love you with all my heart.,Love
Soldiers returned from deployment.,War
Romantic poems are timeless.,Love
Farmers are requesting subsidies.,Agricultural
Vaccine distribution is ongoing.,Health
This monument dates back to the 16th century.,Historical
AI is transforming industries.,Technology
The hospital is expanding its facilities.,Health
The bill was passed in parliament.,Political
The team won the championship.,Sports
Cybersecurity is a growing concern.,Technology
The crop yield is very low this year.,Agricultural
Vaccine distribution is ongoing.,Health
Romantic poems are timeless.,Love
This monument dates back to the 16th century.,Historical
The curriculum is being revised.,Educational
Pilgrims arrived in large numbers.,Religious
Ancient manuscripts were discovered.,Historical
Communities are coming together.,Peace
AI is transforming industries.,Technology
Soldiers returned from deployment.,War
The team won the championship.,Sports
The bill was passed in parliament.,Political
The movie broke box office records.,Entertainment
The battle lasted three days.,War
Students are facing issues with online learning.,Educational
The curriculum is being revised.,Educational
Cybersecurity is a growing concern.,Technology
The market shares increased for the third quarter.,Business
Elections are due next month.,Political
Interest rates are likely to rise.,Financial
This monument dates back to the 16th century.,Historical
Elections are due next month.,Political
Students are facing issues with online learning.,Educational
The market shares increased for the third quarter.,Business
The battle lasted three days.,War
Communities are coming together.,Peace
Elections are due next month.,Political
The market shares increased for the third quarter.,Business
Farmers are requesting subsidies.,Agricultural
Soldiers returned from deployment.,War
Peace talks have resumed in the region.,Peace
The battle lasted three days.,War
Elections are due next month.,Political
The market shares increased for the third quarter.,Business
Ancient manuscripts were discovered.,Historical
Cybersecurity is a growing concern.,Technology
The curriculum is being revised.,Educational
Cybersecurity is a growing concern.,Technology
Farmers are requesting subsidies.,Agricultural
The market shares increased for the third quarter.,Business
I love you with all my heart.,Love
Peace talks have resumed in the region.,Peace
The battle lasted three days.,War
The hospital is expanding its facilities.,Health
Vaccine distribution is ongoing.,Health
A new church was built downtown.,Religious
Soldiers returned from deployment.,War
AI is transforming industries.,Technology
The bill was passed in parliament.,Political
Pilgrims arrived in large numbers.,Religious
Our sales figures have improved.,Business
A new church was built downtown.,Religious
I love you with all my heart.,Love
Peace talks have resumed in the region.,Peace
The bill was passed in parliament.,Political
The team won the championship.,Sports
The battle lasted three days.,War
The national budget is under scrutiny.,Financial
A new church was built downtown.,Religious
The team won the championship.,Sports
The bill was passed in parliament.,Political
Pilgrims arrived in large numbers.,Religious
The hospital is expanding its facilities.,Health
Vaccine distribution is ongoing.,Health
Elections are due next month.,Political
Ancient manuscripts were discovered.,Historical
Ancient manuscripts were discovered.,Historical
Peace talks have resumed in the region.,Peace
Students are facing issues with online learning.,Educational
A new church was built downtown.,Religious
Soldiers returned from deployment.,War
Vaccine distribution is ongoing.,Health
I love you with all my heart.,Love
The curriculum is being revised.,Educational
AI is transforming industries.,Technology
Cybersecurity is a growing concern.,Technology
Pilgrims arrived in large numbers.,Religious
Communities are coming together.,Peace
Interest rates are likely to rise.,Financial
Soldiers returned from deployment.,War
Communities are coming together.,Peace
The market shares increased for the third quarter.,Business
Farmers are requesting subsidies.,Agricultural
Peace talks have resumed in the region.,Peace
Farmers are requesting subsidies.,Agricultural
Interest rates are likely to rise.,Financial
Cybersecurity is a growing concern.,Technology
Pilgrims arrived in large numbers.,Religious
Vaccine distribution is ongoing.,Health
Students are facing issues with online learning.,Educational
The concert attracted thousands.,Entertainment
The crop yield is very low this year.,Agricultural
Peace talks have resumed in the region.,Peace
AI is transforming industries.,Technology
This monument dates back to the 16th century.,Historical
The curriculum is being revised.,Educational
The bill was passed in parliament.,Political
Elections are due next month.,Political
Peace talks have resumed in the region.,Peace
This monument dates back to the 16th century.,Historical
Peace talks have resumed in the region.,Peace
The movie broke box office records.,Entertainment
The market shares increased for the third quarter.,Business
The battle lasted three days.,War
The bill was passed in parliament.,Political
Ancient manuscripts were discovered.,Historical
A new church was built downtown.,Religious
The crop yield is very low this year.,Agricultural
Communities are coming together.,Peace
Pilgrims arrived in large numbers.,Religious
The hospital is expanding its facilities.,Health
Communities are coming together.,Peace
The curriculum is being revised.,Educational
Pilgrims arrived in large numbers.,Religious
This monument dates back to the 16th century.,Historical
Students are facing issues with online learning.,Educational
The national budget is under scrutiny.,Financial
This monument dates back to the 16th century.,Historical
Romantic poems are timeless.,Love
Our sales figures have improved.,Business
The hospital is expanding its facilities.,Health
Students are facing issues with online learning.,Educational
She broke the world record.,Sports
This monument dates back to the 16th century.,Historical
A new church was built downtown.,Religious
The bill was passed in parliament.,Political
The bill was passed in parliament.,Political
AI is transforming industries.,Technology
Soldiers returned from deployment.,War
The battle lasted three days.,War
The battle lasted three days.,War
Farmers are requesting subsidies.,Agricultural
Pilgrims arrived in large numbers.,Religious
Interest rates are likely to rise.,Financial
Cybersecurity is a growing concern.,Technology
This monument dates back to the 16th century.,Historical
The movie broke box office records.,Entertainment
This monument dates back to the 16th century.,Historical
This monument dates back to the 16th century.,Historical
The curriculum is being revised.,Educational
The movie broke box office records.,Entertainment
The movie broke box office records.,Entertainment
Our sales figures have improved.,Business
Elections are due next month.,Political
Interest rates are likely to rise.,Financial
AI is transforming industries.,Technology
This monument dates back to the 16th century.,Historical
The movie broke box office records.,Entertainment
Interest rates are likely to rise.,Financial
Romantic poems are timeless.,Love
Communities are coming together.,Peace
The team won the championship.,Sports
The movie broke box office records.,Entertainment
Our sales figures have improved.,Business
The concert attracted thousands.,Entertainment
This monument dates back to the 16th century.,Historical
Ancient manuscripts were discovered.,Historical
Vaccine distribution is ongoing.,Health
The hospital is expanding its facilities.,Health
Vaccine distribution is ongoing.,Health
Our sales figures have improved.,Business
The battle lasted three days.,War
I love you with all my heart.,Love
The bill was passed in parliament.,Political
The curriculum is being revised.,Educational
The bill was passed in parliament.,Political
Our sales figures have improved.,Business
The battle lasted three days.,War
The curriculum is being revised.,Educational
AI is transforming industries.,Technology
Farmers are requesting subsidies.,Agricultural
Vaccine distribution is ongoing.,Health
The market shares increased for the third quarter.,Business
The curriculum is being revised.,Educational
Our sales figures have improved.,Business
The team won the championship.,Sports
The national budget is under scrutiny.,Financial
The hospital is expanding its facilities.,Health
Students are facing issues with online learning.,Educational
The bill was passed in parliament.,Political
I love you with all my heart.,Love
Pilgrims arrived in large numbers.,Religious
The market shares increased for the third quarter.,Business
The concert attracted thousands.,Entertainment
Students are facing issues with online learning.,Educational
Students are facing issues with online learning.,Educational
Elections are due next month.,Political
The hospital is expanding its facilities.,Health
AI is transforming industries.,Technology
The national budget is under scrutiny.,Financial
Romantic poems are timeless.,Love
Peace talks have resumed in the region.,Peace
The movie broke box office records.,Entertainment
Romantic poems are timeless.,Love
The team won the championship.,Sports
Pilgrims arrived in large numbers.,Religious
Farmers are requesting subsidies.,Agricultural
The movie broke box office records.,Entertainment
The national budget is under scrutiny.,Financial
I love you with all my heart.,Love
A new church was built downtown.,Religious
Our sales figures have improved.,Business
She broke the world record.,Sports
She broke the world record.,Sports
Pilgrims arrived in large numbers.,Religious
Communities are coming together.,Peace
The hospital is expanding its facilities.,Health
Farmers are requesting subsidies.,Agricultural
This monument dates back to the 16th century.,Historical
The hospital is expanding its facilities.,Health
Ancient manuscripts were discovered.,Historical
The hospital is expanding its facilities.,Health
She broke the world record.,Sports
The concert attracted thousands.,Entertainment
The national budget is under scrutiny.,Financial
Romantic poems are timeless.,Love
The team won the championship.,Sports
Cybersecurity is a growing concern.,Technology
Soldiers returned from deployment.,War
The movie broke box office records.,Entertainment
The national budget is under scrutiny.,Financial
AI is transforming industries.,Technology
Communities are coming together.,Peace
The national budget is under scrutiny.,Financial
The team won the championship.,Sports
The battle lasted three days.,War
Romantic poems are timeless.,Love
The crop yield is very low this year.,Agricultural
Elections are due next month.,Political
Ancient manuscripts were discovered.,Historical
The curriculum is being revised.,Educational
The market shares increased for the third quarter.,Business
Romantic poems are timeless.,Love
Farmers are requesting subsidies.,Agricultural
Romantic poems are timeless.,Love
The bill was passed in parliament.,Political
Our sales figures have improved.,Business
Romantic poems are timeless.,Love
The movie broke box office records.,Entertainment
The curriculum is being revised.,Educational
Peace talks have resumed in the region.,Peace
Cybersecurity is a growing concern.,Technology
This monument dates back to the 16th century.,Historical
Romantic poems are timeless.,Love
Farmers are requesting subsidies.,Agricultural
Farmers are requesting subsidies.,Agricultural
Farmers are requesting subsidies.,Agricultural
The curriculum is being revised.,Educational
The concert attracted thousands.,Entertainment
Elections are due next month.,Political
The team won the championship.,Sports
The concert attracted thousands.,Entertainment
Romantic poems are timeless.,Love
The concert attracted thousands.,Entertainment
Interest rates are likely to rise.,Financial
The market shares increased for the third quarter.,Business
A new church was built downtown.,Religious
Students are facing issues with online learning.,Educational
The movie broke box office records.,Entertainment
She broke the world record.,Sports
The concert attracted thousands.,Entertainment
This monument dates back to the 16th century.,Historical
I love you with all my heart.,Love
The market shares increased for the third quarter.,Business
A new church was built downtown.,Religious
A new church was built downtown.,Religious
Vaccine distribution is ongoing.,Health
The concert attracted thousands.,Entertainment
The bill was passed in parliament.,Political
She broke the world record.,Sports
Farmers are requesting subsidies.,Agricultural
The battle lasted three days.,War
This monument dates back to the 16th century.,Historical
Communities are coming together.,Peace
A new church was built downtown.,Religious
I love you with all my heart.,Love
Interest rates are likely to rise.,Financial
The market shares increased for the third quarter.,Business
The movie broke box office records.,Entertainment
The battle lasted three days.,War
Our sales figures have improved.,Business
The bill was passed in parliament.,Political
Pilgrims arrived in large numbers.,Religious
Peace talks have resumed in the region.,Peace
Soldiers returned from deployment.,War
Elections are due next month.,Political
She broke the world record.,Sports
The market shares increased for the third quarter.,Business
Romantic poems are timeless.,Love
She broke the world record.,Sports
Cybersecurity is a growing concern.,Technology
The curriculum is being revised.,Educational
The crop yield is very low this year.,Agricultural
Farmers are requesting subsidies.,Agricultural
The market shares increased for the third quarter.,Business
I love you with all my heart.,Love
The curriculum is being revised.,Educational
Pilgrims arrived in large numbers.,Religious
I love you with all my heart.,Love
Cybersecurity is a growing concern.,Technology
This monument dates back to the 16th century.,Historical
The concert attracted thousands.,Entertainment
The team won the championship.,Sports
I love you with all my heart.,Love
Elections are due next month.,Political
AI is transforming industries.,Technology
Our sales figures have improved.,Business
Farmers are requesting subsidies.,Agricultural
She broke the world record.,Sports
The battle lasted three days.,War
The market shares increased for the third quarter.,Business
The bill was passed in parliament.,Political
The concert attracted thousands.,Entertainment
The hospital is expanding its facilities.,Health
Soldiers returned from deployment.,War
Interest rates are likely to rise.,Financial
The crop yield is very low this year.,Agricultural
The national budget is under scrutiny.,Financial
Soldiers returned from deployment.,War
Interest rates are likely to rise.,Financial
Communities are coming together.,Peace
Pilgrims arrived in large numbers.,Religious
Cybersecurity is a growing concern.,Technology
Cybersecurity is a growing concern.,Technology
Our sales figures have improved.,Business
Cybersecurity is a growing concern.,Technology
Peace talks have resumed in the region.,Peace
The team won the championship.,Sports
The market shares increased for the third quarter.,Business
The market shares increased for the third quarter.,Business
Our sales figures have improved.,Business
Romantic poems are timeless.,Love
Students are facing issues with online learning.,Educational
Soldiers returned from deployment.,War
The battle lasted three days.,War
I love you with all my heart.,Love
The crop yield is very low this year.,Agricultural
The movie broke box office records.,Entertainment
I love you with all my heart.,Love
Cybersecurity is a growing concern.,Technology
A new church was built downtown.,Religious
Communities are coming together.,Peace
Farmers are requesting subsidies.,Agricultural
Elections are due next month.,Political
Our sales figures have improved.,Business
Soldiers returned from deployment.,War
The concert attracted thousands.,Entertainment
The bill was passed in parliament.,Political
Farmers are requesting subsidies.,Agricultural
She broke the world record.,Sports
Students are facing issues with online learning.,Educational
Peace talks have resumed in the region.,Peace
The crop yield is very low this year.,Agricultural
The movie broke box office records.,Entertainment
The concert attracted thousands.,Entertainment
AI is transforming industries.,Technology
The team won the championship.,Sports
The curriculum is being revised.,Educational
Interest rates are likely to rise.,Financial
The battle lasted three days.,War
Students are facing issues with online learning.,Educational
Our sales figures have improved.,Business
Students are facing issues with online learning.,Educational
Vaccine distribution is ongoing.,Health
The market shares increased for the third quarter.,Business
The hospital is expanding its facilities.,Health
The hospital is expanding its facilities.,Health
She broke the world record.,Sports
Farmers are requesting subsidies.,Agricultural
The concert attracted thousands.,Entertainment
Our sales figures have improved.,Business
The curriculum is being revised.,Educational
The hospital is expanding its facilities.,Health
Ancient manuscripts were discovered.,Historical
Peace talks have resumed in the region.,Peace
The crop yield is very low this year.,Agricultural
Students are facing issues with online learning.,Educational
The national budget is under scrutiny.,Financial
The battle lasted three days.,War
She broke the world record.,Sports
The national budget is under scrutiny.,Financial
Peace talks have resumed in the region.,Peace
Romantic poems are timeless.,Love
Peace talks have resumed in the region.,Peace
The crop yield is very low this year.,Agricultural
Ancient manuscripts were discovered.,Historical
Romantic poems are timeless.,Love
Interest rates are likely to rise.,Financial
The crop yield is very low this year.,Agricultural
The team won the championship.,Sports
Communities are coming together.,Peace
Farmers are requesting subsidies.,Agricultural
The national budget is under scrutiny.,Financial
Soldiers returned from deployment.,War
The crop yield is very low this year.,Agricultural
Soldiers returned from deployment.,War
Peace talks have resumed in the region.,Peace
Peace talks have resumed in the region.,Peace
The battle lasted three days.,War
Peace talks have resumed in the region.,Peace
The market shares increased for the third quarter.,Business
Elections are due next month.,Political
The curriculum is being revised.,Educational
This monument dates back to the 16th century.,Historical
A new church was built downtown.,Religious
Students are facing issues with online learning.,Educational
The curriculum is being revised.,Educational
I love you with all my heart.,Love
The hospital is expanding its facilities.,Health
The bill was passed in parliament.,Political
The team won the championship.,Sports
A new church was built downtown.,Religious
Farmers are requesting subsidies.,Agricultural
Our sales figures have improved.,Business
The team won the championship.,Sports
Communities are coming together.,Peace
Peace talks have resumed in the region.,Peace
Soldiers returned from deployment.,War
Farmers are requesting subsidies.,Agricultural
Farmers are requesting subsidies.,Agricultural
Interest rates are likely to rise.,Financial
Our sales figures have improved.,Business
The crop yield is very low this year.,Agricultural
I love you with all my heart.,Love
A new church was built downtown.,Religious
The team won the championship.,Sports
Cybersecurity is a growing concern.,Technology
Ancient manuscripts were discovered.,Historical
Students are facing issues with online learning.,Educational
Vaccine distribution is ongoing.,Health
Interest rates are likely to rise.,Financial
Peace talks have resumed in the region.,Peace
The market shares increased for the third quarter.,Business
AI is transforming industries.,Technology
Pilgrims arrived in large numbers.,Religious
Farmers are requesting subsidies.,Agricultural
The battle lasted three days.,War
The hospital is expanding its facilities.,Health
The bill was passed in parliament.,Political
Vaccine distribution is ongoing.,Health
The movie broke box office records.,Entertainment
The national budget is under scrutiny.,Financial
Romantic poems are timeless.,Love
The concert attracted thousands.,Entertainment
Cybersecurity is a growing concern.,Technology
I love you with all my heart.,Love
The market shares increased for the third quarter.,Business
The national budget is under scrutiny.,Financial
The national budget is under scrutiny.,Financial
A new church was built downtown.,Religious
The national budget is under scrutiny.,Financial
She broke the world record.,Sports
The movie broke box office records.,Entertainment
The battle lasted three days.,War
A new church was built downtown.,Religious
Romantic poems are timeless.,Love
The national budget is under scrutiny.,Financial
The movie broke box office records.,Entertainment
Farmers are requesting subsidies.,Agricultural
The movie broke box office records.,Entertainment
Peace talks have resumed in the region.,Peace
Communities are coming together.,Peace
The hospital is expanding its facilities.,Health
Elections are due next month.,Political
Ancient manuscripts were discovered.,Historical
Interest rates are likely to rise.,Financial
I love you with all my heart.,Love
She broke the world record.,Sports
Pilgrims arrived in large numbers.,Religious
Students are facing issues with online learning.,Educational
The curriculum is being revised.,Educational
Cybersecurity is a growing concern.,Technology
The national budget is under scrutiny.,Financial
Cybersecurity is a growing concern.,Technology
Romantic poems are timeless.,Love
Pilgrims arrived in large numbers.,Religious
Interest rates are likely to rise.,Financial
I love you with all my heart.,Love
I love you with all my heart.,Love
The team won the championship.,Sports
This monument dates back to the 16th century.,Historical
Our sales figures have improved.,Business
Vaccine distribution is ongoing.,Health
I love you with all my heart.,Love
The hospital is expanding its facilities.,Health
The market shares increased for the third quarter.,Business
Elections are due next month.,Political
The battle lasted three days.,War
I love you with all my heart.,Love
Romantic poems are timeless.,Love
She broke the world record.,Sports
The crop yield is very low this year.,Agricultural
I love you with all my heart.,Love
The national budget is under scrutiny.,Financial
Elections are due next month.,Political
She broke the world record.,Sports
The bill was passed in parliament.,Political
This monument dates back to the 16th century.,Historical
AI is transforming industries.,Technology
She broke the world record.,Sports
Romantic poems are timeless.,Love
The movie broke box office records.,Entertainment
AI is transforming industries.,Technology
Communities are coming together.,Peace
Peace talks have resumed in the region.,Peace
Ancient manuscripts were discovered.,Historical
Elections are due next month.,Political
Peace talks have resumed in the region.,Peace
Vaccine distribution is ongoing.,Health
She broke the world record.,Sports
Elections are due next month.,Political
This monument dates back to the 16th century.,Historical
I love you with all my heart.,Love
The movie broke box office records.,Entertainment
Soldiers returned from deployment.,War
The team won the championship.,Sports
Romantic poems are timeless.,Love
Romantic poems are timeless.,Love
AI is transforming industries.,Technology
This monument dates back to the 16th century.,Historical
Romantic poems are timeless.,Love
Interest rates are likely to rise.,Financial
Cybersecurity is a growing concern.,Technology
The market shares increased for the third quarter.,Business
Peace talks have resumed in the region.,Peace
Students are facing issues with online learning.,Educational
Farmers are requesting subsidies.,Agricultural
Students are facing issues with online learning.,Educational
Our sales figures have improved.,Business
Communities are coming together.,Peace
Pilgrims arrived in large numbers.,Religious
The bill was passed in parliament.,Political
AI is transforming industries.,Technology
Interest rates are likely to rise.,Financial
Pilgrims arrived in large numbers.,Religious
This monument dates back to the 16th century.,Historical
Ancient manuscripts were discovered.,Historical
The crop yield is very low this year.,Agricultural
The team won the championship.,Sports
Soldiers returned from deployment.,War
The market shares increased for the third quarter.,Business
Romantic poems are timeless.,Love
The national budget is under scrutiny.,Financial
Vaccine distribution is ongoing.,Health
The national budget is under scrutiny.,Financial
Vaccine distribution is ongoing.,Health
Vaccine distribution is ongoing.,Health
The crop yield is very low this year.,Agricultural
The market shares increased for the third quarter.,Business
Students are facing issues with online learning.,Educational
Vaccine distribution is ongoing.,Health
Vaccine distribution is ongoing.,Health
The curriculum is being revised.,Educational
She broke the world record.,Sports
The bill was passed in parliament.,Political
AI is transforming industries.,Technology
Farmers are requesting subsidies.,Agricultural
The movie broke box office records.,Entertainment
Soldiers returned from deployment.,War
AI is transforming industries.,Technology
Soldiers returned from deployment.,War
Pilgrims arrived in large numbers.,Religious
The crop yield is very low this year.,Agricultural
The crop yield is very low this year.,Agricultural
The team won the championship.,Sports
The movie broke box office records.,Entertainment
A new church was built downtown.,Religious
Cybersecurity is a growing concern.,Technology
Students are facing issues with online learning.,Educational
The curriculum is being revised.,Educational
The battle lasted three days.,War
Students are facing issues with online learning.,Educational
This monument dates back to the 16th century.,Historical
Farmers are requesting subsidies.,Agricultural
Farmers are requesting subsidies.,Agricultural
Students are facing issues with online learning.,Educational
The team won the championship.,Sports
AI is transforming industries.,Technology
The bill was passed in parliament.,Political
The movie broke box office records.,Entertainment
Vaccine distribution is ongoing.,Health
I love you with all my heart.,Love
Our sales figures have improved.,Business
A new church was built downtown.,Religious
Soldiers returned from deployment.,War
Vaccine distribution is ongoing.,Health
Farmers are requesting subsidies.,Agricultural
Soldiers returned from deployment.,War
Soldiers returned from deployment.,War
Soldiers returned from deployment.,War
The team won the championship.,Sports
The team won the championship.,Sports
Students are facing issues with online learning.,Educational
AI is transforming industries.,Technology
Communities are coming together.,Peace
The curriculum is being revised.,Educational
Romantic poems are timeless.,Love
Interest rates are likely to rise.,Financial
Romantic poems are timeless.,Love
A new church was built downtown.,Religious
The concert attracted thousands.,Entertainment
She broke the world record.,Sports
The concert attracted thousands.,Entertainment
Pilgrims arrived in large numbers.,Religious
The national budget is under scrutiny.,Financial
The market shares increased for the third quarter.,Business
Interest rates are likely to rise.,Financial
The movie broke box office records.,Entertainment
Our sales figures have improved.,Business
AI is transforming industries.,Technology
Interest rates are likely to rise.,Financial
Pilgrims arrived in large numbers.,Religious
Students are facing issues with online learning.,Educational
I love you with all my heart.,Love
The movie broke box office records.,Entertainment
She broke the world record.,Sports
The hospital is expanding its facilities.,Health
The concert attracted thousands.,Entertainment
Vaccine distribution is ongoing.,Health
Interest rates are likely to rise.,Financial
I love you with all my heart.,Love
Soldiers returned from deployment.,War
Interest rates are likely to rise.,Financial
Communities are coming together.,Peace
Soldiers returned from deployment.,War
The crop yield is very low this year.,Agricultural
Students are facing issues with online learning.,Educational
Cybersecurity is a growing concern.,Technology
The curriculum is being revised.,Educational
Students are facing issues with online learning.,Educational
Vaccine distribution is ongoing.,Health
The bill was passed in parliament.,Political
The bill was passed in parliament.,Political
Pilgrims arrived in large numbers.,Religious
The market shares increased for the third quarter.,Business
Cybersecurity is a growing concern.,Technology
This monument dates back to the 16th century.,Historical
Vaccine distribution is ongoing.,Health
Communities are coming together.,Peace
I love you with all my heart.,Love
The concert attracted thousands.,Entertainment
The team won the championship.,Sports
I love you with all my heart.,Love
She broke the world record.,Sports
The hospital is expanding its facilities.,Health
Pilgrims arrived in large numbers.,Religious
The movie broke box office records.,Entertainment
The concert attracted thousands.,Entertainment
Interest rates are likely to rise.,Financial
Vaccine distribution is ongoing.,Health
The concert attracted thousands.,Entertainment
This monument dates back to the 16th century.,Historical
She broke the world record.,Sports
Ancient manuscripts were discovered.,Historical
A new church was built downtown.,Religious
Students are facing issues with online learning.,Educational
A new church was built downtown.,Religious
A new church was built downtown.,Religious
This monument dates back to the 16th century.,Historical
The battle lasted three days.,War
Cybersecurity is a growing concern.,Technology
Communities are coming together.,Peace
Vaccine distribution is ongoing.,Health
A new church was built downtown.,Religious
